NO,latitude,longitude,start_time,duration,Hour,Month,Day_Month
0,51.057021999999996,3.7144760000000003,2013-12-25 00:36:00+01:00,19593588,0,12,25
1,51.056984,3.7146811,2013-12-25 06:08:00+01:00,30460679,6,12,25
2,51.038406,3.7296553,2013-12-25 14:51:00+01:00,964169,14,12,25
3,50.88019,4.2511472999999995,2013-12-25 15:14:00+01:00,262475,15,12,25
4,50.861668,4.475020400000001,2013-12-25 15:24:00+01:00,64461,15,12,25
5,50.87923,4.666252,2013-12-25 15:31:00+01:00,68925,15,12,25
6,50.997192,4.8022957,2013-12-25 15:41:00+01:00,11998026,15,12,25
7,50.997192,4.802296,2013-12-25 19:07:00+01:00,18114776,19,12,25
8,50.997192,4.8022995,2013-12-26 00:15:00+01:00,35447860,0,12,26
9,51.166862,4.7824387999999995,2013-12-26 10:36:00+01:00,63484,10,12,26
10,51.21133,4.5377035,2013-12-26 10:47:00+01:00,6322,10,12,26
11,51.214290000000005,4.4115834000000005,2013-12-26 11:03:00+01:00,2856228,11,12,26
12,51.214115,4.400686299999999,2013-12-26 12:02:00+01:00,1667,12,12,26
13,51.213394,4.3912487,2013-12-26 12:11:00+01:00,9620031,12,12,26
14,51.217659999999995,4.401726999999999,2013-12-26 15:05:00+01:00,924,15,12,26
15,51.21689,4.405530000000001,2013-12-26 15:11:00+01:00,64197,15,12,26
16,51.218059999999994,4.409724,2013-12-26 15:21:00+01:00,341565,15,12,26
17,51.217335,4.4107428,2013-12-26 15:36:00+01:00,449300,15,12,26
18,51.214290000000005,4.411606,2013-12-26 15:50:00+01:00,53163669,15,12,26
19,51.214302,4.411574400000001,2013-12-27 06:40:00+01:00,9994717,6,12,27
20,51.216366,4.394152,2013-12-27 09:38:00+01:00,20410836,9,12,27
21,51.216503,4.407605,2013-12-27 15:24:00+01:00,317335,15,12,27
22,51.21751,4.411146,2013-12-27 15:34:00+01:00,836959,15,12,27
23,51.214275,4.411574,2013-12-27 15:56:00+01:00,83181857,15,12,27
24,51.21634,4.3941116,2013-12-28 15:14:00+01:00,4622480,15,12,28
25,51.21431,4.4115887,2013-12-28 16:42:00+01:00,3843761,16,12,28
26,51.217503,4.410906,2013-12-28 17:53:00+01:00,2334660,17,12,28
27,51.214306,4.411568,2013-12-28 18:40:00+01:00,54034894,18,12,28
28,51.213715,4.4045568,2013-12-29 09:48:00+01:00,949587,9,12,29
29,51.214333,4.411615,2013-12-29 10:12:00+01:00,62957540,10,12,29
30,51.214306,4.4115763,2013-12-30 03:45:00+01:00,15675335,3,12,30
31,51.215893,4.410440400000001,2013-12-30 08:14:00+01:00,249,8,12,30
32,51.214890000000004,4.409567,2013-12-30 08:20:00+01:00,2392465,8,12,30
33,51.213203,4.409142500000001,2013-12-30 09:07:00+01:00,273240,9,12,30
34,51.21634,4.394154,2013-12-30 09:31:00+01:00,14821063,9,12,30
35,51.214302,4.4115853,2013-12-30 13:56:00+01:00,13543637,13,12,30
36,51.218884,4.4013433,2013-12-30 17:55:00+01:00,426244,17,12,30
37,51.214290000000005,4.411533,2013-12-30 18:17:00+01:00,5168068,18,12,30
38,51.213646000000004,4.412261,2013-12-30 19:48:00+01:00,91452,19,12,30
39,51.214302,4.4115567,2013-12-30 19:55:00+01:00,60938428,19,12,30
40,51.21632,4.394154,2013-12-31 13:02:00+01:00,9122765,13,12,31
41,51.21649,4.4076986,2013-12-31 15:41:00+01:00,640223,15,12,31
42,51.21566,4.4074029999999995,2013-12-31 15:58:00+01:00,252191,15,12,31
43,51.214993,4.4051313,2013-12-31 16:07:00+01:00,282078,16,12,31
44,51.214252,4.411548000000001,2013-12-31 16:23:00+01:00,7186366,16,12,31
45,51.205067,4.3903217,2013-12-31 18:31:00+01:00,186018,18,12,31
46,51.098304999999996,4.0395756,2013-12-31 18:41:00+01:00,1343,18,12,31
47,51.17106,4.2577357000000005,2013-12-31 18:48:00+01:00,76413,18,12,31
48,51.047270000000005,3.7131307000000002,2013-12-31 19:08:00+01:00,550301,19,12,31
49,51.047256,3.7130556000000006,2013-12-31 19:21:00+01:00,442288,19,12,31
50,51.047264,3.7130578,2013-12-31 19:36:00+01:00,19055447,19,12,31
51,51.041393,3.7296294999999997,2014-01-01 01:05:00+01:00,7992054,1,1,1
52,51.046696000000004,3.7144072,2014-01-01 03:26:00+01:00,77722,3,1,1
53,51.057014,3.7145745999999997,2014-01-01 03:36:00+01:00,39485519,3,1,1
54,51.055316999999995,3.7139964,2014-01-01 14:39:00+01:00,6687803,14,1,1
55,51.057064000000004,3.7144513,2014-01-01 16:37:00+01:00,1066697,16,1,1
56,51.060875,3.7129426,2014-01-01 17:12:00+01:00,185490,17,1,1
57,51.119564000000004,3.727765,2014-01-01 17:21:00+01:00,10265372,17,1,1
58,51.119576,3.7280097000000003,2014-01-01 20:19:00+01:00,2092985,20,1,1
59,51.057068,3.7144496,2014-01-01 21:15:00+01:00,122115,21,1,1
60,51.038321999999994,3.7657497,2014-01-01 21:33:00+01:00,257284,21,1,1
61,51.055214,3.8305367999999995,2014-01-01 21:42:00+01:00,163281,21,1,1
62,51.131370000000004,4.1029806,2014-01-01 21:49:00+01:00,11814,21,1,1
63,51.189840000000004,4.3057685,2014-01-01 21:56:00+01:00,125955,21,1,1
64,51.216244,4.414080599999999,2014-01-01 22:09:00+01:00,273,22,1,1
65,51.214226000000004,4.411576999999999,2014-01-01 22:15:00+01:00,32313537,22,1,1
66,51.214252,4.4115652999999995,2014-01-02 07:26:00+01:00,18745907,7,1,2
67,51.218807,4.4029417,2014-01-02 12:49:00+01:00,1499960,12,1,2
68,51.21566,4.407460700000001,2014-01-02 13:25:00+01:00,83155,13,1,2
69,51.214256,4.411534,2014-01-02 13:36:00+01:00,8650105,13,1,2
70,51.211490000000005,4.408002400000001,2014-01-02 16:11:00+01:00,1150,16,1,2
71,51.20669,4.395427,2014-01-02 16:18:00+01:00,63297,16,1,2
72,51.211205,4.4898050000000005,2014-01-02 16:24:00+01:00,783091,16,1,2
73,50.99719,4.802332,2014-01-02 17:06:00+01:00,15971800,17,1,2
74,51.143253,4.860113,2014-01-02 21:57:00+01:00,264057,21,1,2
75,51.207237,4.550705000000001,2014-01-02 22:10:00+01:00,5354,22,1,2
76,51.214268,4.4115515,2014-01-02 22:26:00+01:00,34266993,22,1,2
77,51.21647,4.4075985,2014-01-03 08:05:00+01:00,1903296,8,1,3
78,51.217636,4.4086914,2014-01-03 08:43:00+01:00,312955,8,1,3
79,51.21431,4.411529499999999,2014-01-03 08:59:00+01:00,16137526,8,1,3
80,51.216316,4.3941254999999995,2014-01-03 13:39:00+01:00,9130580,13,1,3
81,51.214245,4.4115763,2014-01-03 16:20:00+01:00,5604971,16,1,3
82,51.217594,4.411271,2014-01-03 18:00:00+01:00,246233,18,1,3
83,51.214256,4.411563,2014-01-03 18:13:00+01:00,59819741,18,1,3
84,51.216343,4.3941545,2014-01-04 11:09:00+01:00,10075281,11,1,4
85,51.218884,4.397461,2014-01-04 14:02:00+01:00,238,14,1,4
86,51.216343,4.3941574,2014-01-04 14:08:00+01:00,12345634,14,1,4
87,51.216503,4.4076133,2014-01-04 17:46:00+01:00,742923,17,1,4
88,51.21472,4.4105563,2014-01-04 18:03:00+01:00,61006,18,1,4
89,51.214283,4.4115343000000005,2014-01-04 18:10:00+01:00,43654348,18,1,4
90,51.214245,4.411553,2014-01-05 06:20:00+01:00,7880436,6,1,5
91,51.21389,4.407093,2014-01-05 08:36:00+01:00,269,8,1,5
92,51.2139,4.4040919999999995,2014-01-05 08:42:00+01:00,88860,8,1,5
93,51.214897,4.4098487,2014-01-05 08:49:00+01:00,138718,8,1,5
94,51.214256,4.411524299999999,2014-01-05 08:56:00+01:00,2143560,8,1,5
95,51.214977000000005,4.409692,2014-01-05 09:36:00+01:00,180965,9,1,5
96,51.21425,4.411563,2014-01-05 09:46:00+01:00,14045639,9,1,5
97,51.214259999999996,4.4115624,2014-01-05 13:45:00+01:00,65108780,13,1,5
98,51.21627,4.4010706,2014-01-06 07:56:00+01:00,265,7,1,6
99,51.216293,4.394056299999999,2014-01-06 08:02:00+01:00,35348180,8,1,6
100,51.21342,4.4109335,2014-01-06 17:59:00+01:00,2747,17,1,6
101,51.208034999999995,4.3995667,2014-01-06 18:05:00+01:00,1161,18,1,6
102,51.199406,4.3899364,2014-01-06 18:11:00+01:00,31320,18,1,6
103,51.193979999999996,4.4054327,2014-01-06 18:17:00+01:00,30630,18,1,6
104,51.193466,4.410496,2014-01-06 18:24:00+01:00,7078075,18,1,6
105,51.19256,4.4112926,2014-01-06 20:30:00+01:00,681090,20,1,6
106,51.199127000000004,4.411129,2014-01-06 20:48:00+01:00,810,20,1,6
107,51.209545,4.4078803,2014-01-06 20:55:00+01:00,1199,20,1,6
108,51.21427,4.4116273,2014-01-06 21:01:00+01:00,39481795,21,1,6
109,51.206738,4.395288,2014-01-07 08:03:00+01:00,55040,8,1,7
110,51.20563,4.392132,2014-01-07 08:10:00+01:00,61580,8,1,7
111,51.19553,4.394721,2014-01-07 08:17:00+01:00,319075,8,1,7
112,51.012840000000004,4.4511724,2014-01-07 08:26:00+01:00,196461,8,1,7
113,50.911957,4.462239,2014-01-07 08:36:00+01:00,490619,8,1,7
114,50.911957,4.462239,2014-01-07 08:49:00+01:00,182075,8,1,7
115,50.88541,4.306107,2014-01-07 08:58:00+01:00,490675,8,1,7
116,50.887356,4.305917,2014-01-07 09:11:00+01:00,2699128,9,1,7
117,50.887306,4.305473999999999,2014-01-07 10:26:00+01:00,3111127,10,1,7
118,50.911404,4.3393416,2014-01-07 11:30:00+01:00,63484,11,1,7
119,50.908875,4.4468193,2014-01-07 11:36:00+01:00,140240,11,1,7
120,51.139140000000005,4.4295464,2014-01-07 11:47:00+01:00,136990,11,1,7
121,51.21513,4.412585,2014-01-07 12:00:00+01:00,235,12,1,7
122,51.21668,4.401192,2014-01-07 12:13:00+01:00,1259,12,1,7
123,51.219809999999995,4.4010196,2014-01-07 12:19:00+01:00,1635838,12,1,7
124,51.21613,4.3944697,2014-01-07 12:56:00+01:00,17052404,12,1,7
125,51.21622,4.4006915,2014-01-07 17:45:00+01:00,994,17,1,7
126,51.21598,4.408286,2014-01-07 17:54:00+01:00,5059089,17,1,7
127,51.214268,4.4116273,2014-01-07 19:27:00+01:00,47000226,19,1,7
128,51.20666,4.3913555,2014-01-08 08:43:00+01:00,9632711,8,1,8
129,51.208355,4.393095,2014-01-08 11:28:00+01:00,1777504,11,1,8
130,51.205859999999994,4.3983274,2014-01-08 12:06:00+01:00,65369,12,1,8
131,51.205196,4.398645,2014-01-08 12:13:00+01:00,3179915,12,1,8
132,51.21632,4.3941126,2014-01-08 13:20:00+01:00,17946776,13,1,8
133,51.214264,4.411596299999999,2014-01-08 18:30:00+01:00,949538,18,1,8
134,51.217556,4.4108367,2014-01-08 18:52:00+01:00,135981,18,1,8
135,51.214256,4.411601,2014-01-08 19:03:00+01:00,48499639,19,1,8
136,51.216312,4.3941636,2014-01-09 08:45:00+01:00,38883293,8,1,9
137,51.20939,4.402414299999999,2014-01-09 19:37:00+01:00,110981,19,1,9
138,51.203167,4.428129,2014-01-09 19:53:00+01:00,10721286,19,1,9
139,51.214268,4.411592,2014-01-09 23:04:00+01:00,32847383,23,1,9
140,51.21631,4.3940496,2014-01-10 08:21:00+01:00,16696327,8,1,10
141,51.193512,4.4105739999999996,2014-01-10 13:22:00+01:00,2900618,13,1,10
142,51.193527,4.4105144,2014-01-10 14:16:00+01:00,9913465,14,1,10
143,51.213375,4.4107423,2014-01-10 17:18:00+01:00,962,17,1,10
144,51.214268,4.411609599999999,2014-01-10 17:24:00+01:00,3755218,17,1,10
145,51.206665,4.391356,2014-01-10 18:41:00+01:00,11167726,18,1,10
146,51.214259999999996,4.411516000000001,2014-01-10 21:59:00+01:00,32837451,21,1,10
147,51.214259999999996,4.4116135000000005,2014-01-11 07:10:00+01:00,14504744,7,1,11
148,51.217597999999995,4.4111724,2014-01-11 11:18:00+01:00,1184409,11,1,11
149,51.216854,4.410833,2014-01-11 11:44:00+01:00,119044,11,1,11
150,51.214302,4.4115267,2014-01-11 11:55:00+01:00,7716381,11,1,11
151,51.213627,4.41104,2014-01-11 14:09:00+01:00,1479393,14,1,11
152,51.213295,4.4091907,2014-01-11 14:39:00+01:00,1051297,14,1,11
153,51.214268,4.4116044,2014-01-11 15:03:00+01:00,15272498,15,1,11
154,51.21427,4.4116316,2014-01-11 19:21:00+01:00,45246570,19,1,11
155,51.214259999999996,4.4116040000000005,2014-01-12 07:59:00+01:00,8032900,7,1,12
156,51.213809999999995,4.4043183,2014-01-12 10:19:00+01:00,1269642,10,1,12
157,51.214268,4.4115953,2014-01-12 10:50:00+01:00,18921702,10,1,12
158,51.214252,4.4115677,2014-01-12 16:16:00+01:00,7393535,16,1,12
159,51.244602,4.418736,2014-01-12 18:35:00+01:00,2470,18,1,12
160,51.245247,4.415875,2014-01-12 18:42:00+01:00,994891,18,1,12
161,51.24589,4.417088,2014-01-12 19:05:00+01:00,557667,19,1,12
162,51.24581,4.416615,2014-01-12 19:20:00+01:00,187025,19,1,12
163,51.246307,4.417326999999999,2014-01-12 19:29:00+01:00,5385026,19,1,12
164,51.24581,4.417171499999999,2014-01-12 21:04:00+01:00,5464298,21,1,12
165,51.214259999999996,4.4115944,2014-01-12 22:52:00+01:00,10403748,22,1,12
166,51.214245,4.411587,2014-01-13 01:52:00+01:00,5997578,1,1,13
167,51.214245,4.4116025,2014-01-13 03:35:00+01:00,19282222,3,1,13
168,51.207916,4.402948,2014-01-13 09:07:00+01:00,94723,9,1,13
169,51.125263000000004,4.4296446,2014-01-13 09:23:00+01:00,67212,9,1,13
170,51.0352,4.4437027,2014-01-13 09:30:00+01:00,62502,9,1,13
171,51.01285,4.4511012999999995,2014-01-13 09:36:00+01:00,8374,9,1,13
172,50.868217,4.4530015,2014-01-13 09:46:00+01:00,154929,9,1,13
173,50.891277,4.4506893,2014-01-13 10:00:00+01:00,7984169,10,1,13
174,50.88208,4.448717,2014-01-13 12:23:00+01:00,399330,12,1,13
175,51.041637,4.454253700000001,2014-01-13 12:36:00+01:00,67448,12,1,13
176,51.21634,4.394065,2014-01-13 12:49:00+01:00,24933381,12,1,13
177,51.21427,4.411598000000001,2014-01-13 19:55:00+01:00,43630481,19,1,13
178,51.21632,4.3941574,2014-01-14 08:15:00+01:00,32304020,8,1,14
179,51.214237,4.4116335,2014-01-14 17:20:00+01:00,625339,17,1,14
180,51.19335,4.3991604,2014-01-14 17:40:00+01:00,377433,17,1,14
181,51.211174,4.4790525,2014-01-14 17:51:00+01:00,675342,17,1,14
182,51.08473,4.8591003,2014-01-14 18:11:00+01:00,155991,18,1,14
183,50.9971,4.802326,2014-01-14 18:28:00+01:00,140413,18,1,14
184,50.997208,4.802322,2014-01-14 18:34:00+01:00,11449669,18,1,14
185,51.140453,4.8614025000000005,2014-01-14 22:12:00+01:00,214704,22,1,14
186,51.20001,4.595795,2014-01-14 22:22:00+01:00,2449,22,1,14
187,51.214220000000005,4.411584400000001,2014-01-14 22:37:00+01:00,33953174,22,1,14
188,51.216404,4.396989,2014-01-15 08:13:00+01:00,63228,8,1,15
189,51.21632,4.3941555,2014-01-15 08:19:00+01:00,29968538,8,1,15
190,51.214259999999996,4.411585,2014-01-15 16:59:00+01:00,8691115,16,1,15
191,51.214259999999996,4.4115996,2014-01-15 19:29:00+01:00,29835415,19,1,15
192,51.21425,4.4116106,2014-01-16 03:50:00+01:00,20873022,3,1,16
193,51.193366999999995,4.410419999999999,2014-01-16 09:55:00+01:00,3358247,9,1,16
194,51.213673,4.405141400000001,2014-01-16 11:04:00+01:00,99711,11,1,16
195,51.21631,4.394093499999999,2014-01-16 11:14:00+01:00,7559932,11,1,16
196,51.212738,4.392744,2014-01-16 13:25:00+01:00,369387,13,1,16
197,51.21632,4.3941550000000005,2014-01-16 13:38:00+01:00,4634058,13,1,16
198,51.214264,4.411612,2014-01-16 15:03:00+01:00,665387,15,1,16
199,51.20498,4.3904986,2014-01-16 15:34:00+01:00,666755,15,1,16
200,51.10156,4.042546,2014-01-16 15:54:00+01:00,271163,15,1,16
201,51.036148,3.7359263999999994,2014-01-16 16:04:00+01:00,346,16,1,16
202,51.036304,3.7347112,2014-01-16 16:11:00+01:00,19444195,16,1,16
203,51.214256,4.4116044,2014-01-16 21:54:00+01:00,38643284,21,1,16
204,51.21632,4.3941555,2014-01-17 08:51:00+01:00,14140863,8,1,17
205,51.20496,4.390575,2014-01-17 13:02:00+01:00,538566,13,1,17
206,51.131355,4.1030169999999995,2014-01-17 13:23:00+01:00,270507,13,1,17
207,51.05126,3.7190607000000004,2014-01-17 13:49:00+01:00,6144187,13,1,17
208,51.052483,3.7187437999999995,2014-01-17 15:41:00+01:00,319484,15,1,17
209,51.05281,3.8350693999999996,2014-01-17 17:10:00+01:00,22600,17,1,17
210,51.07502,3.9873729,2014-01-17 17:16:00+01:00,23964,17,1,17
211,51.131607,4.1145587,2014-01-17 17:22:00+01:00,23842,17,1,17
212,51.20722,4.3332763,2014-01-17 17:44:00+01:00,244097,17,1,17
213,51.21933,4.401292,2014-01-17 19:56:00+01:00,10170970,19,1,17
214,51.214240000000004,4.411637000000001,2014-01-17 22:49:00+01:00,29605285,22,1,17
215,51.213146,4.4091487,2014-01-18 07:08:00+01:00,311137,7,1,18
216,51.21425,4.4116073,2014-01-18 07:19:00+01:00,52223823,7,1,18
217,51.20442,4.388899299999999,2014-01-18 21:58:00+01:00,275003,21,1,18
218,51.10157,4.0425534,2014-01-18 22:08:00+01:00,103106,22,1,18
219,51.066340000000004,3.8808160000000003,2014-01-18 22:15:00+01:00,5200,22,1,18
220,51.05715,3.7143528,2014-01-18 22:31:00+01:00,237304,22,1,18
221,51.050644,3.7465987000000003,2014-01-18 22:50:00+01:00,246,22,1,18
222,51.051266,3.7477107000000003,2014-01-18 22:57:00+01:00,5835406,22,1,18
223,51.056988,3.7146137,2014-01-19 00:53:00+01:00,2722044,0,1,19
224,51.057003,3.7146218,2014-01-19 01:44:00+01:00,45664590,1,1,19
225,51.08227,4.0088897,2014-01-19 14:47:00+01:00,102604,14,1,19
226,51.14334,4.1827917,2014-01-19 14:57:00+01:00,65020,14,1,19
227,51.21417,4.411523000000001,2014-01-19 15:17:00+01:00,7455618,15,1,19
228,51.213146,4.4091773000000005,2014-01-19 17:26:00+01:00,227579,17,1,19
229,51.214252,4.411587,2014-01-19 17:37:00+01:00,3387729,17,1,19
230,51.21768,4.408939,2014-01-19 18:42:00+01:00,8851997,18,1,19
231,51.21501,4.409741400000001,2014-01-19 21:15:00+01:00,180095,21,1,19
232,51.21425,4.4116316,2014-01-19 21:25:00+01:00,35857419,21,1,19
233,51.216297,4.3941026,2014-01-20 07:32:00+01:00,19641863,7,1,20
234,51.21283,4.3928213,2014-01-20 13:08:00+01:00,63472,13,1,20
235,51.216278,4.3942356,2014-01-20 13:16:00+01:00,13982748,13,1,20
236,51.21642,4.399754,2014-01-20 17:13:00+01:00,83088,17,1,20
237,51.217506,4.4111123,2014-01-20 17:19:00+01:00,606930,17,1,20
238,51.214256,4.4116044,2014-01-20 17:36:00+01:00,51266039,17,1,20
239,51.19482,4.417982599999999,2014-01-21 08:12:00+01:00,1041943,8,1,21
240,51.210440000000006,4.4078217,2014-01-21 08:40:00+01:00,59515,8,1,21
241,51.216305,4.394112000000001,2014-01-21 08:56:00+01:00,30306794,8,1,21
242,51.214252,4.4115915,2014-01-21 17:38:00+01:00,12750781,17,1,21
243,51.210840000000005,4.407013,2014-01-21 21:15:00+01:00,238,21,1,21
244,51.213688,4.411061,2014-01-21 21:21:00+01:00,79430,21,1,21
245,51.214259999999996,4.4116173,2014-01-21 21:27:00+01:00,38376618,21,1,21
246,51.21631,4.3941245,2014-01-22 08:17:00+01:00,8703491,8,1,22
247,51.213570000000004,4.393092,2014-01-22 10:46:00+01:00,1244,10,1,22
248,51.21632,4.3941555,2014-01-22 11:00:00+01:00,15426177,11,1,22
249,51.21425,4.4115734,2014-01-22 15:26:00+01:00,23184010,15,1,22
250,51.213257,4.4051933,2014-01-22 22:03:00+01:00,10157013,22,1,22
251,51.214237,4.411584400000001,2014-01-23 01:01:00+01:00,22782122,1,1,23
252,51.213116,4.4092417,2014-01-23 07:25:00+01:00,163067,7,1,23
253,51.214252,4.4115305000000005,2014-01-23 07:32:00+01:00,2282269,7,1,23
254,51.216293,4.394188,2014-01-23 08:22:00+01:00,2927818,8,1,23
255,51.214275,4.4115763,2014-01-23 09:20:00+01:00,1053748,9,1,23
256,51.21632,4.3941550000000005,2014-01-23 09:47:00+01:00,30361687,9,1,23
257,51.214222,4.411584400000001,2014-01-23 18:22:00+01:00,51321574,18,1,23
258,51.216312,4.3942127,2014-01-24 08:47:00+01:00,34608847,8,1,24
259,51.214237,4.411529499999999,2014-01-24 18:33:00+01:00,67538447,18,1,24
260,51.214264,4.4116073,2014-01-25 14:05:00+01:00,15741025,14,1,25
261,51.216353999999995,4.407270400000001,2014-01-25 18:33:00+01:00,175137,18,1,25
262,51.214256,4.4115953,2014-01-25 18:48:00+01:00,20675259,18,1,25
263,51.214256,4.4116707,2014-01-26 01:00:00+01:00,39477333,1,1,26
264,51.214245,4.411580000000001,2014-01-26 12:21:00+01:00,69289220,12,1,26
265,51.216373,4.39417,2014-01-27 07:47:00+01:00,12503562,7,1,27
266,51.212452,4.392544,2014-01-27 11:19:00+01:00,423899,11,1,27
267,51.216328000000004,4.3941903,2014-01-27 11:35:00+01:00,19501265,11,1,27
268,51.214252,4.4114510000000005,2014-01-27 17:09:00+01:00,401290,17,1,27
269,51.217273999999996,4.410615,2014-01-27 17:21:00+01:00,440617,17,1,27
270,51.214264,4.4116054,2014-01-27 17:35:00+01:00,48812409,17,1,27
271,51.216274,4.3940477,2014-01-28 07:20:00+01:00,36941619,7,1,28
272,51.214005,4.3987737000000005,2014-01-28 17:45:00+01:00,60176,17,1,28
273,51.214264,4.411625,2014-01-28 17:51:00+01:00,4944373,17,1,28
274,51.214233,4.411606,2014-01-28 19:29:00+01:00,9585262,19,1,28
275,51.214209999999994,4.4114794999999996,2014-01-28 22:26:00+01:00,39673997,22,1,28
276,51.21632,4.394156,2014-01-29 09:36:00+01:00,4859233,9,1,29
277,51.212672999999995,4.3927093,2014-01-29 11:03:00+01:00,360543,11,1,29
278,51.21632,4.3941555,2014-01-29 11:18:00+01:00,21174082,11,1,29
279,51.21655,4.407615,2014-01-29 17:20:00+01:00,258296,17,1,29
280,51.21752,4.4112290000000005,2014-01-29 17:32:00+01:00,584104,17,1,29
281,51.214314,4.4115567,2014-01-29 17:50:00+01:00,51365330,17,1,29
282,51.21632,4.3940663,2014-01-30 08:16:00+01:00,35822844,8,1,30
283,51.216465,4.407458,2014-01-30 18:20:00+01:00,339310,18,1,30
284,51.216705,4.4073080000000004,2014-01-30 18:32:00+01:00,2065338,18,1,30
285,51.216015000000006,4.4083133000000005,2014-01-30 19:13:00+01:00,4061991,19,1,30
286,51.213417,4.4108863,2014-01-30 20:25:00+01:00,73979,20,1,30
287,51.214290000000005,4.411569999999999,2014-01-30 20:31:00+01:00,41988411,20,1,30
288,51.216324,4.394122,2014-01-31 19:45:00+01:00,1121288,19,1,31
289,51.219833,4.4147067,2014-01-31 20:15:00+01:00,61028,20,1,31
290,51.214264,4.4115910000000005,2014-01-31 20:21:00+01:00,49667599,20,1,31
291,51.214275,4.4115660000000005,2014-02-01 12:09:00+01:00,21459663,12,2,1
292,51.21291,4.4089613,2014-02-01 18:13:00+01:00,340116,18,2,1
293,51.214287,4.4115779999999996,2014-02-01 18:22:00+01:00,1396226,18,2,1
294,51.214245,4.411590599999999,2014-02-01 18:52:00+01:00,8310740,18,2,1
295,51.212948,4.4052463,2014-02-01 21:18:00+01:00,268090,21,2,1
296,51.21342,4.4049335,2014-02-01 21:28:00+01:00,63782,21,2,1
297,51.213229999999996,4.405057,2014-02-01 21:35:00+01:00,1612474,21,2,1
298,51.21536,4.402253,2014-02-01 22:07:00+01:00,4688687,22,2,1
299,51.21059,4.39784,2014-02-01 23:35:00+01:00,1500314,23,2,1
300,51.213287,4.394188400000001,2014-02-02 00:11:00+01:00,2974322,0,2,2
301,51.214256,4.411582,2014-02-02 01:17:00+01:00,607719,1,2,2
302,51.213142,4.4053507000000005,2014-02-02 01:37:00+01:00,5147037,1,2,2
303,51.214146,4.4100513,2014-02-02 03:08:00+01:00,2333260,3,2,2
304,51.214268,4.4115934,2014-02-02 03:54:00+01:00,26365927,3,2,2
305,51.206646,4.3914275,2014-02-02 11:25:00+01:00,245527,11,2,2
306,51.205040000000004,4.3908324,2014-02-02 11:34:00+01:00,389954,11,2,2
307,51.017227,4.451169999999999,2014-02-02 11:48:00+01:00,124482,11,2,2
308,50.812744,4.379884,2014-02-02 12:11:00+01:00,582262,12,2,2
309,50.812775,4.3809830000000005,2014-02-02 12:25:00+01:00,581908,12,2,2
310,50.812915999999994,4.381595,2014-02-02 12:41:00+01:00,301250,12,2,2
311,50.812767,4.37999,2014-02-02 12:50:00+01:00,549249,12,2,2
312,50.812992,4.3817124000000005,2014-02-02 13:04:00+01:00,422297,13,2,2
313,50.811398,4.3834558,2014-02-02 13:17:00+01:00,6381953,13,2,2
314,50.81142,4.3834643,2014-02-02 15:09:00+01:00,827990,15,2,2
315,50.81277,4.380989,2014-02-02 15:29:00+01:00,155969,15,2,2
316,50.86111,4.436819,2014-02-02 15:52:00+01:00,129605,15,2,2
317,50.91473,4.462785,2014-02-02 15:59:00+01:00,63362,15,2,2
318,51.103256,4.434689,2014-02-02 16:08:00+01:00,261605,16,2,2
319,51.20678,4.391343599999999,2014-02-02 16:22:00+01:00,121604,16,2,2
320,51.214240000000004,4.411622,2014-02-02 16:36:00+01:00,55454478,16,2,2
321,51.215782,4.399274299999999,2014-02-03 08:11:00+01:00,60674,8,2,3
322,51.216297,4.3941026,2014-02-03 08:22:00+01:00,10091774,8,2,3
323,51.213875,4.393308599999999,2014-02-03 11:15:00+01:00,60394,11,2,3
324,51.21632,4.3941555,2014-02-03 16:34:00+01:00,10498596,16,2,3
325,51.214252,4.4116297,2014-02-03 19:48:00+01:00,42896697,19,2,3
326,51.216328000000004,4.3941099999999995,2014-02-04 14:59:00+01:00,10510993,14,2,4
327,51.214259999999996,4.4116206,2014-02-04 18:13:00+01:00,49110449,18,2,4
328,51.216537,4.407556,2014-02-05 17:41:00+01:00,877,17,2,5
329,51.1931,4.400447,2014-02-05 18:08:00+01:00,2298246,18,2,5
330,51.207221999999994,4.551046400000001,2014-02-05 18:51:00+01:00,467667,18,2,5
331,51.05574,4.8789620000000005,2014-02-05 19:19:00+01:00,278651,19,2,5
332,50.99719,4.802361,2014-02-05 20:16:00+01:00,7353569,20,2,5
333,51.148179999999996,4.8577724,2014-02-05 22:36:00+01:00,288931,22,2,5
334,51.21115,4.490869,2014-02-05 22:51:00+01:00,172068,22,2,5
335,51.214209999999994,4.4115910000000005,2014-02-05 23:01:00+01:00,150416,23,2,5
336,51.214245,4.411544999999999,2014-02-05 23:08:00+01:00,22022396,23,2,5
337,51.214264,4.411594999999999,2014-02-06 05:24:00+01:00,25859587,5,2,6
338,51.21425,4.411607,2014-02-06 12:44:00+01:00,2379400,12,2,6
339,51.215412,4.409098999999999,2014-02-06 13:27:00+01:00,804,13,2,6
340,51.21508,4.4022727,2014-02-06 13:37:00+01:00,3791605,13,2,6
341,51.218379999999996,4.405287,2014-02-06 14:54:00+01:00,60256,14,2,6
342,51.218548,4.4084916,2014-02-06 15:01:00+01:00,60994,15,2,6
343,51.218090000000004,4.409789599999999,2014-02-06 15:08:00+01:00,2886687,15,2,6
344,51.218136,4.410968,2014-02-06 16:02:00+01:00,949712,16,2,6
345,51.216957,4.4108124,2014-02-06 16:22:00+01:00,238406,16,2,6
346,51.21427,4.4115505,2014-02-06 16:36:00+01:00,55345336,16,2,6
347,51.21632,4.394156,2014-02-07 08:08:00+01:00,38999393,8,2,7
348,51.214256,4.411599,2014-02-07 19:06:00+01:00,68263,19,2,7
349,51.215794,4.4024296,2014-02-07 19:16:00+01:00,6813982,19,2,7
350,51.220591999999996,4.401008,2014-02-07 21:24:00+01:00,4380625,21,2,7
351,51.220608,4.402775,2014-02-07 22:41:00+01:00,3160507,22,2,7
352,51.21423,4.4115696,2014-02-07 23:51:00+01:00,66187557,23,2,7
353,51.135715000000005,4.144014,2014-02-08 18:30:00+01:00,5546,18,2,8
354,51.060772,3.861407,2014-02-08 18:39:00+01:00,108340,18,2,8
355,50.982085999999995,3.6421647000000004,2014-02-08 18:49:00+01:00,168183,18,2,8
356,50.984203,3.5272546,2014-02-08 19:08:00+01:00,928055,19,2,8
357,50.984207,3.5272547999999997,2014-02-08 19:31:00+01:00,221949,19,2,8
358,50.984203,3.5272539,2014-02-08 19:41:00+01:00,123434,19,2,8
359,50.984203,3.5272539,2014-02-08 19:47:00+01:00,60070,19,2,8
360,50.984203,3.5272539,2014-02-08 19:53:00+01:00,188812,19,2,8
361,50.984203,3.5272533999999998,2014-02-08 20:03:00+01:00,1091656,20,2,8
362,50.984203,3.5272533999999998,2014-02-08 20:28:00+01:00,5823306,20,2,8
363,50.982094000000004,3.526871,2014-02-08 22:11:00+01:00,5611,22,2,8
364,50.97974,3.6411767,2014-02-08 22:20:00+01:00,23808,22,2,8
365,51.043396,3.7251084000000003,2014-02-08 22:36:00+01:00,6947430,22,2,8
366,51.041492,3.729714,2014-02-09 00:40:00+01:00,3337096,0,2,9
367,51.056995,3.7146337,2014-02-09 02:04:00+01:00,41255828,2,2,9
368,51.144245,3.6016065999999998,2014-02-09 13:50:00+01:00,83740,13,2,9
369,51.2105,3.4914703,2014-02-09 14:11:00+01:00,6255,14,2,9
370,51.258762,3.3834123999999997,2014-02-09 14:17:00+01:00,130925,14,2,9
371,51.341457,3.2899542,2014-02-09 14:27:00+01:00,65277,14,2,9
372,51.34944,3.2886992,2014-02-09 15:19:00+01:00,1164,15,2,9
373,51.351890000000004,3.2891376000000005,2014-02-09 15:25:00+01:00,123489,15,2,9
374,51.352973999999996,3.291139,2014-02-09 15:32:00+01:00,76914,15,2,9
375,51.35344,3.2946475,2014-02-09 15:39:00+01:00,1125,15,2,9
376,51.35431,3.2988237999999996,2014-02-09 15:45:00+01:00,247491,15,2,9
377,51.3559,3.3033361000000006,2014-02-09 15:59:00+01:00,1351078,15,2,9
378,51.355083,3.3022089999999995,2014-02-09 16:28:00+01:00,264213,16,2,9
379,51.35582,3.3055133999999997,2014-02-09 16:39:00+01:00,483,16,2,9
380,51.352779999999996,3.2895644,2014-02-09 16:58:00+01:00,60095,16,2,9
381,51.351246,3.2887742999999996,2014-02-09 17:05:00+01:00,339,17,2,9
382,51.347065,3.2885513,2014-02-09 17:11:00+01:00,120829,17,2,9
383,51.344173,3.2878857000000004,2014-02-09 17:17:00+01:00,537338,17,2,9
384,51.340847,3.2888596,2014-02-09 17:31:00+01:00,221,17,2,9
385,51.316593,3.3058746,2014-02-09 17:46:00+01:00,121284,17,2,9
386,51.31665,3.3059442000000003,2014-02-09 17:52:00+01:00,141203,17,2,9
387,51.31665,3.3059447,2014-02-09 18:00:00+01:00,182822,18,2,9
388,51.33475,3.2905555,2014-02-09 18:09:00+01:00,244,18,2,9
389,51.33475,3.2905555,2014-02-09 18:16:00+01:00,190,18,2,9
390,51.33475,3.2905555,2014-02-09 18:26:00+01:00,558411,18,2,9
391,51.210159999999995,3.5278482,2014-02-09 18:39:00+01:00,1544751,18,2,9
392,51.215709999999994,4.414096,2014-02-09 19:17:00+01:00,1192,19,2,9
393,51.214252,4.4116025,2014-02-09 19:24:00+01:00,45810214,19,2,9
394,51.216366,4.3943706,2014-02-10 08:20:00+01:00,4281332,8,2,10
395,51.214659999999995,4.392181400000001,2014-02-10 09:37:00+01:00,90479,9,2,10
396,51.229774,4.401806,2014-02-10 09:47:00+01:00,5684955,9,2,10
397,51.229690000000005,4.4043894,2014-02-10 11:31:00+01:00,3779968,11,2,10
398,51.214733,4.3920097,2014-02-10 12:42:00+01:00,470,12,2,10
399,51.216297,4.3941026,2014-02-10 12:49:00+01:00,18191469,12,2,10
400,51.214259999999996,4.411593,2014-02-10 18:01:00+01:00,49642427,18,2,10
401,51.19276,4.4107666,2014-02-11 08:07:00+01:00,506819,8,2,11
402,51.192932,4.4105897,2014-02-11 08:20:00+01:00,1074135,8,2,11
403,51.216312,4.3941,2014-02-11 08:54:00+01:00,7813510,8,2,11
404,51.2128,4.392599,2014-02-11 11:11:00+01:00,301207,11,2,11
405,51.214259999999996,4.4116230000000005,2014-02-13 15:07:00+01:00,3807665,15,2,13
406,51.21808,4.4096603,2014-02-13 16:18:00+01:00,65265,16,2,13
407,51.21812,4.411147,2014-02-13 16:25:00+01:00,168,16,2,13
408,51.214264,4.411619,2014-02-13 16:35:00+01:00,58294223,16,2,13
409,51.216297,4.3941026,2014-02-14 08:58:00+01:00,29116149,8,2,14
410,51.21765,4.4113430000000005,2014-02-14 17:14:00+01:00,399464,17,2,14
411,51.216896000000006,4.4109370000000006,2014-02-14 17:25:00+01:00,209696,17,2,14
412,51.214264,4.411637000000001,2014-02-14 17:36:00+01:00,12661426,17,2,14
413,51.21564,4.405074,2014-02-14 21:18:00+01:00,17181949,21,2,14
414,51.215782,4.4076805,2014-02-15 02:09:00+01:00,145175,2,2,15
415,51.214268,4.4116290000000005,2014-02-15 02:19:00+01:00,2338514,2,2,15
416,51.214245,4.411593,2014-02-15 03:07:00+01:00,52489978,3,2,15
417,51.211597,4.401900299999999,2014-02-15 17:50:00+01:00,1132821,17,2,15
418,51.21425,4.4116297,2014-02-15 18:15:00+01:00,1832286,18,2,15
419,51.213146,4.408834,2014-02-15 18:50:00+01:00,80958,18,2,15
420,51.214256,4.4115944,2014-02-15 18:56:00+01:00,54403542,18,2,15
421,51.213770000000004,4.4042444000000005,2014-02-16 10:12:00+01:00,121179,10,2,16
422,51.214909999999996,4.409926400000001,2014-02-16 10:22:00+01:00,434453,10,2,16
423,51.214264,4.411601999999999,2014-02-16 10:35:00+01:00,14370539,10,2,16
424,51.211659999999995,4.413513,2014-02-16 14:42:00+01:00,19463,14,2,16
425,51.211240000000004,4.412204,2014-02-16 14:52:00+01:00,16224,14,2,16
426,51.21425,4.4116344000000005,2014-02-16 15:11:00+01:00,3430401,15,2,16
427,51.204609999999995,4.5641226999999995,2014-02-16 16:31:00+01:00,59246,16,2,16
428,51.061043,4.979588,2014-02-16 17:02:00+01:00,204,17,2,16
429,51.049820000000004,4.9479623,2014-02-16 17:10:00+01:00,1819349,17,2,16
430,51.049820000000004,4.9479628,2014-02-16 17:44:00+01:00,139,17,2,16
431,51.016242999999996,4.946041999999999,2014-02-16 17:56:00+01:00,213,17,2,16
432,51.049820000000004,4.947963,2014-02-16 18:03:00+01:00,8012759,18,2,16
433,51.049820000000004,4.947963,2014-02-16 20:24:00+01:00,123379,20,2,16
434,51.143227,4.948328500000001,2014-02-16 20:47:00+01:00,604081,20,2,16
435,51.20533,4.5624633,2014-02-16 21:18:00+01:00,40175,21,2,16
436,51.214237,4.4116316,2014-02-16 21:44:00+01:00,37463743,21,2,16
437,51.21883,4.4044056,2014-02-17 08:14:00+01:00,3267357,8,2,17
438,51.218464000000004,4.4045153,2014-02-17 09:13:00+01:00,543966,9,2,17
439,51.21846,4.404464,2014-02-17 09:26:00+01:00,32645701,9,2,17
440,51.214245,4.411586799999999,2014-02-17 18:45:00+01:00,15629633,18,2,17
441,51.214264,4.411642,2014-02-17 23:16:00+01:00,33103174,23,2,17
442,51.207115,4.3869767,2014-02-18 08:40:00+01:00,1664118,8,2,18
443,51.218456,4.4046087,2014-02-18 09:20:00+01:00,32468122,9,2,18
444,51.21655,4.4075785000000005,2014-02-18 18:27:00+01:00,1456,18,2,18
445,51.217407,4.4108410000000005,2014-02-18 18:34:00+01:00,238823,18,2,18
446,51.214259999999996,4.4116073,2014-02-18 18:46:00+01:00,48578796,18,2,18
447,51.218834,4.4043209999999995,2014-02-19 08:25:00+01:00,4657295,8,2,19
448,51.21862,4.4041543,2014-02-19 09:48:00+01:00,16278098,9,2,19
449,51.215992,4.4082384,2014-02-19 18:06:00+01:00,4705858,18,2,19
450,51.214264,4.4116116,2014-02-19 19:33:00+01:00,46698330,19,2,19
451,51.218853,4.4042582999999995,2014-02-20 08:41:00+01:00,638056,8,2,20
452,51.21848,4.4046035,2014-02-20 08:58:00+01:00,31266047,8,2,20
453,51.2165,4.407508999999999,2014-02-20 17:52:00+01:00,58100,17,2,20
454,51.21759,4.4108686,2014-02-20 17:59:00+01:00,1372580,17,2,20
455,51.21425,4.411565,2014-02-20 18:29:00+01:00,50113363,18,2,20
456,51.218933,4.40435,2014-02-21 08:29:00+01:00,6507020,8,2,21
457,51.218456,4.404592500000001,2014-02-21 10:24:00+01:00,6030170,10,2,21
458,51.218678000000004,4.402408599999999,2014-02-21 12:08:00+01:00,131333,12,2,21
459,51.218596999999995,4.4041767,2014-02-21 12:14:00+01:00,20258984,12,2,21
460,51.217490000000005,4.4108224,2014-02-21 17:59:00+01:00,249753,17,2,21
461,51.2143,4.4115925,2014-02-21 18:08:00+01:00,55707283,18,2,21
462,51.1847,4.436129599999999,2014-02-22 09:58:00+01:00,12417581,9,2,22
463,51.183483,4.4367824,2014-02-22 13:29:00+01:00,55882,13,2,22
464,51.182224,4.437284,2014-02-22 13:36:00+01:00,180459,13,2,22
465,51.180412,4.4334393,2014-02-22 13:48:00+01:00,1521391,13,2,22
466,51.190666,4.4241852999999995,2014-02-22 14:19:00+01:00,20947,14,2,22
467,51.20152,4.41311,2014-02-22 14:25:00+01:00,155697,14,2,22
468,51.207436,4.4201097,2014-02-22 14:32:00+01:00,543186,14,2,22
469,51.219746,4.3734720000000005,2014-02-22 14:46:00+01:00,2682,14,2,22
470,51.21765,4.3697495,2014-02-22 14:53:00+01:00,9327332,14,2,22
471,51.22007,4.3798494,2014-02-22 17:37:00+01:00,240416,17,2,22
472,51.21562,4.398909,2014-02-22 17:47:00+01:00,635,17,2,22
473,51.207214,4.388298000000001,2014-02-22 18:06:00+01:00,9894120,18,2,22
474,51.21008,4.389115,2014-02-22 20:56:00+01:00,2654,20,2,22
475,51.21266,4.3925714000000005,2014-02-22 21:02:00+01:00,2420323,21,2,22
476,51.218937,4.39741,2014-02-22 21:55:00+01:00,185532,21,2,22
477,51.22018,4.3985662,2014-02-22 22:02:00+01:00,2537943,22,2,22
478,51.22124,4.3996835,2014-02-22 22:52:00+01:00,2223375,22,2,22
479,51.221195,4.4004364,2014-02-22 23:36:00+01:00,713031,23,2,22
480,51.2212,4.400435,2014-02-22 23:54:00+01:00,181073,23,2,22
481,51.221195,4.400434,2014-02-23 00:03:00+01:00,2560417,0,2,23
482,51.220963,4.400912,2014-02-23 00:53:00+01:00,1112787,0,2,23
483,51.221184,4.400416000000001,2014-02-23 01:16:00+01:00,359029,1,2,23
484,51.22101,4.4007688,2014-02-23 01:30:00+01:00,4407157,1,2,23
485,51.221703000000005,4.4005775,2014-02-23 02:49:00+01:00,75551144,2,2,23
486,51.058437,3.8553896,2014-02-23 23:55:00+01:00,136311,23,2,23
487,51.191109999999995,4.423447599999999,2014-02-24 01:02:00+01:00,222504,1,2,24
488,51.214240000000004,4.4115553,2014-02-24 01:37:00+01:00,18619132,1,2,24
489,51.194817,4.4179087,2014-02-24 07:02:00+01:00,1139132,7,2,24
490,51.19481,4.417983,2014-02-24 07:26:00+01:00,322894,7,2,24
491,51.214240000000004,4.4115863,2014-02-24 07:44:00+01:00,1620767,7,2,24
492,51.218513,4.404299,2014-02-24 08:17:00+01:00,5495119,8,2,24
493,51.207209999999996,4.387127400000001,2014-02-24 10:02:00+01:00,62998,10,2,24
494,51.207027000000004,4.3874260000000005,2014-02-24 10:09:00+01:00,138630,10,2,24
495,51.206959999999995,4.386703,2014-02-24 10:15:00+01:00,152,10,2,24
496,51.206959999999995,4.386703,2014-02-24 10:22:00+01:00,61071,10,2,24
497,51.21855,4.404257,2014-02-24 10:52:00+01:00,14640185,10,2,24
498,51.22772,4.4017725,2014-02-24 15:03:00+01:00,1275200,15,2,24
499,51.226917,4.411182,2014-02-24 15:29:00+01:00,92274,15,2,24
500,51.218509999999995,4.404317,2014-02-24 15:42:00+01:00,4751684,15,2,24
501,51.21728,4.405518,2014-02-24 17:09:00+01:00,19885,17,2,24
502,51.216522,4.4075489999999995,2014-02-24 17:16:00+01:00,675,17,2,24
503,51.21715,4.410648999999999,2014-02-24 17:23:00+01:00,765630,17,2,24
504,51.21427,4.411569999999999,2014-02-24 17:46:00+01:00,50998959,17,2,24
505,51.216278,4.3940763,2014-02-25 08:09:00+01:00,28596751,8,2,25
506,51.21634,4.394078299999999,2014-02-25 16:12:00+01:00,3328811,16,2,25
507,51.216957,4.410362999999999,2014-02-25 17:18:00+01:00,308164,17,2,25
508,51.210685999999995,4.4151006,2014-02-26 06:47:00+01:00,10404,6,2,26
509,51.211296000000004,4.411755,2014-02-26 06:54:00+01:00,11960,6,2,26
510,51.214256,4.4115715,2014-02-26 07:07:00+01:00,4350579,7,2,26
511,51.21633,4.394094,2014-02-26 08:32:00+01:00,10484550,8,2,26
512,51.21634,4.3940268,2014-02-26 11:45:00+01:00,20052735,11,2,26
513,51.216255,4.4074626,2014-02-26 17:28:00+01:00,5308038,17,2,26
514,51.214294,4.4114785,2014-02-26 19:05:00+01:00,46725992,19,2,26
515,51.20665,4.391354,2014-02-27 08:16:00+01:00,212719,8,2,27
516,51.169129999999996,4.3863664,2014-02-27 08:31:00+01:00,731240,8,2,27
517,51.216133,4.3941784,2014-02-27 09:05:00+01:00,1543,9,2,27
518,51.207188,4.3876495,2014-02-27 09:15:00+01:00,123234,9,2,27
519,51.2075,4.385799400000001,2014-02-27 09:22:00+01:00,146,9,2,27
520,51.20759,4.3857627,2014-02-27 09:36:00+01:00,237,9,2,27
521,51.216316,4.394108,2014-02-27 09:47:00+01:00,869454,9,2,27
522,51.207209999999996,4.387112,2014-02-27 10:15:00+01:00,1367212,10,2,27
523,51.206959999999995,4.3867035,2014-02-27 10:43:00+01:00,1146950,10,2,27
524,51.216286,4.394143,2014-02-27 11:10:00+01:00,1007107,11,2,27
525,51.207104,4.386944000000001,2014-02-27 11:36:00+01:00,366184,11,2,27
526,51.216305,4.394093,2014-02-27 11:49:00+01:00,1294388,11,2,27
527,51.20714,4.387055999999999,2014-02-27 12:20:00+01:00,589969,12,2,27
528,51.207316999999996,4.3874807,2014-02-27 12:36:00+01:00,1162110,12,2,27
529,51.216335,4.394068700000001,2014-02-27 13:02:00+01:00,311417,13,2,27
530,51.207188,4.3869224,2014-02-27 13:15:00+01:00,120028,13,2,27
531,51.20706,4.388017700000001,2014-02-27 13:21:00+01:00,651346,13,2,27
532,51.20713,4.3879123,2014-02-27 13:37:00+01:00,421549,13,2,27
533,51.207165,4.3878527,2014-02-27 13:51:00+01:00,364,13,2,27
534,51.207138,4.387905,2014-02-27 13:58:00+01:00,868780,13,2,27
535,51.20667,4.391354,2014-02-27 14:23:00+01:00,434776,14,2,27
536,51.205647,4.3920507,2014-02-27 14:37:00+01:00,122961,14,2,27
537,51.161034,4.4173098,2014-02-27 14:43:00+01:00,147171,14,2,27
538,50.839226000000004,4.38057,2014-02-27 15:07:00+01:00,270045,15,2,27
539,50.83954,4.381493,2014-02-27 15:17:00+01:00,3029545,15,2,27
540,50.83897,4.3807464000000005,2014-02-27 16:14:00+01:00,178683,16,2,27
541,50.842125,4.3750485999999995,2014-02-27 16:23:00+01:00,25363,16,2,27
542,50.86119,4.4494419999999995,2014-02-27 16:29:00+01:00,57458,16,2,27
543,50.863358000000005,4.447343,2014-02-27 16:36:00+01:00,590075,16,2,27
544,50.89274,4.4527965,2014-02-27 16:52:00+01:00,117258,16,2,27
545,50.914566,4.4623446,2014-02-27 16:59:00+01:00,160845,16,2,27
546,50.977695000000004,4.487096299999999,2014-02-27 17:05:00+01:00,1677,17,2,27
547,51.035053000000005,4.445231400000001,2014-02-27 17:12:00+01:00,124251,17,2,27
548,51.119679999999995,4.4281816,2014-02-27 17:18:00+01:00,23828,17,2,27
549,51.20665,4.3913884,2014-02-27 17:32:00+01:00,759433,17,2,27
550,51.207229999999996,4.387122,2014-02-27 17:51:00+01:00,209,17,2,27
551,51.207165,4.3871975,2014-02-27 17:59:00+01:00,4939039,17,2,27
552,51.207221999999994,4.387470700000001,2014-02-27 19:28:00+01:00,207,19,2,27
553,51.206978,4.387007700000001,2014-02-27 19:38:00+01:00,521126,19,2,27
554,51.20715,4.3877707,2014-02-27 19:54:00+01:00,159,19,2,27
555,51.207221999999994,4.386778400000001,2014-02-27 20:00:00+01:00,38403,20,2,27
556,51.20712,4.387476400000001,2014-02-27 20:07:00+01:00,604081,20,2,27
557,51.207240000000006,4.387406299999999,2014-02-27 20:25:00+01:00,147845,20,2,27
558,51.204229999999995,4.376511,2014-02-27 20:32:00+01:00,303003,20,2,27
559,51.214203000000005,4.4115806,2014-02-27 20:55:00+01:00,40989942,20,2,27
560,51.206959999999995,4.3867025,2014-02-28 08:30:00+01:00,58033,8,2,28
561,51.207314000000004,4.387678,2014-02-28 08:36:00+01:00,120223,8,2,28
562,51.206959999999995,4.386702,2014-02-28 08:42:00+01:00,174,8,2,28
563,51.20706,4.3869370000000005,2014-02-28 08:49:00+01:00,751595,8,2,28
564,51.216312,4.394223,2014-02-28 09:08:00+01:00,2255060,9,2,28
565,51.20543,4.379549,2014-02-28 09:56:00+01:00,62306,9,2,28
566,51.198524,4.3720026,2014-02-28 10:08:00+01:00,319590,10,2,28
567,51.15922,4.384649,2014-02-28 10:24:00+01:00,95557,10,2,28
568,51.157677,4.3863983,2014-02-28 10:32:00+01:00,3587568,10,2,28
569,51.157270000000004,4.3871593,2014-02-28 11:37:00+01:00,2938938,11,2,28
570,51.207085,4.3869205000000004,2014-02-28 12:47:00+01:00,5340985,12,2,28
571,51.206965999999994,4.3866887000000006,2014-02-28 14:21:00+01:00,425546,14,2,28
572,51.198368,4.371975,2014-02-28 14:41:00+01:00,618177,14,2,28
573,51.16903,4.386512799999999,2014-02-28 15:18:00+01:00,467053,15,2,28
574,51.205208,4.3913199999999994,2014-02-28 15:39:00+01:00,68886,15,2,28
575,51.20756,4.3858004,2014-02-28 15:49:00+01:00,225,15,2,28
576,51.207314000000004,4.387678599999999,2014-02-28 15:56:00+01:00,241036,15,2,28
577,51.207159999999995,4.387645,2014-02-28 16:10:00+01:00,163564,16,2,28
578,51.20712,4.3878565,2014-02-28 16:17:00+01:00,2376973,16,2,28
579,51.20717,4.387573000000001,2014-02-28 17:02:00+01:00,73458,17,2,28
580,51.207043,4.386928599999999,2014-02-28 17:08:00+01:00,142092,17,2,28
581,51.2072,4.387398999999999,2014-02-28 17:15:00+01:00,122587,17,2,28
582,51.214240000000004,4.4115839999999995,2014-02-28 17:34:00+01:00,2491804,17,2,28
583,51.21735,4.4193940000000005,2014-02-28 18:30:00+01:00,1570759,18,2,28
584,51.217636,4.4203706,2014-02-28 19:01:00+01:00,150847,19,2,28
585,51.21633,4.420735400000001,2014-02-28 19:28:00+01:00,385423,19,2,28
586,50.982279999999996,4.838153,2014-02-28 20:36:00+01:00,2528009,20,2,28
587,50.982338,4.838037,2014-02-28 21:24:00+01:00,11301959,21,2,28
588,51.207325,4.3862324,2014-03-01 12:48:00+01:00,1830663,12,3,1
589,51.207508000000004,4.3858957,2014-03-01 13:24:00+01:00,364552,13,3,1
590,51.207485,4.3858104,2014-03-01 13:42:00+01:00,250999,13,3,1
591,51.207370000000004,4.386206,2014-03-01 13:53:00+01:00,322151,13,3,1
592,51.20711,4.3868035999999995,2014-03-01 14:06:00+01:00,1608603,14,3,1
593,51.207333,4.3862586,2014-03-01 14:37:00+01:00,4136793,14,3,1
594,51.20734,4.386173,2014-03-01 15:52:00+01:00,753041,15,3,1
595,51.20742,4.386021599999999,2014-03-01 16:09:00+01:00,65735,16,3,1
596,51.207504,4.3860617,2014-03-01 16:17:00+01:00,858902,16,3,1
597,51.207134,4.386982,2014-03-01 16:36:00+01:00,5876554,16,3,1
598,51.206959999999995,4.386703,2014-03-01 18:21:00+01:00,2056755,18,3,1
599,51.20747,4.386420200000001,2014-03-01 18:59:00+01:00,174442,18,3,1
600,51.207153000000005,4.386932,2014-03-01 19:05:00+01:00,99183,19,3,1
601,51.214245,4.411596,2014-03-01 19:21:00+01:00,3196397,19,3,1
602,51.21475,4.3931684,2014-03-01 20:38:00+01:00,3532120,20,3,1
603,51.209976,4.389183,2014-03-01 21:52:00+01:00,3831800,21,3,1
604,51.210766,4.390004599999999,2014-03-01 23:03:00+01:00,7137995,23,3,1
605,51.210907,4.389543499999999,2014-03-02 01:19:00+01:00,163174115,1,3,2
606,51.214245,4.4116029999999995,2014-03-03 22:45:00+01:00,32276450,22,3,3
607,51.207229999999996,4.386924700000001,2014-03-04 07:56:00+01:00,37492771,7,3,4
608,51.207172,4.3868704,2014-03-04 18:27:00+01:00,226189,18,3,4
609,51.206806,4.391376,2014-03-04 18:35:00+01:00,1312,18,3,4
610,51.214233,4.4115453,2014-03-04 18:45:00+01:00,48170018,18,3,4
611,51.195133,4.4176645,2014-03-05 08:22:00+01:00,264652,8,3,5
612,51.20872,4.389238,2014-03-05 08:45:00+01:00,233,8,3,5
613,51.207134,4.3869534,2014-03-05 08:52:00+01:00,32730617,8,3,5
614,51.21425,4.411574400000001,2014-03-05 18:19:00+01:00,49169375,18,3,5
615,51.211487,4.408219,2014-03-06 08:02:00+01:00,213283,8,3,6
616,51.198322,4.4160580000000005,2014-03-06 08:12:00+01:00,88787,8,3,6
617,51.20713,4.386968599999999,2014-03-06 08:32:00+01:00,28160182,8,3,6
618,51.207134,4.3869877,2014-03-06 16:28:00+01:00,9428112,16,3,6
619,51.214252,4.4115595999999995,2014-03-06 19:16:00+01:00,42191338,19,3,6
620,51.212944,4.4076319999999996,2014-03-07 07:24:00+01:00,54822,7,3,7
621,51.214290000000005,4.4115486,2014-03-07 07:31:00+01:00,2303397,7,3,7
622,51.207159999999995,4.386985,2014-03-07 08:25:00+01:00,5195445,8,3,7
623,51.20717,4.3868675,2014-03-07 09:59:00+01:00,8042899,9,3,7
624,51.20726,4.386746400000001,2014-03-07 12:20:00+01:00,22487791,12,3,7
625,51.214294,4.411574,2014-03-07 18:47:00+01:00,47982721,18,3,7
626,51.212467,4.416723,2014-03-08 08:14:00+01:00,872,8,3,8
627,51.210533,4.414461,2014-03-08 08:23:00+01:00,3409,8,3,8
628,51.211082,4.4118104,2014-03-08 08:35:00+01:00,3195,8,3,8
629,51.214283,4.4115400000000005,2014-03-08 08:57:00+01:00,19563134,8,3,8
630,51.214847999999996,4.409063300000001,2014-03-08 14:28:00+01:00,726017,14,3,8
631,51.214268,4.4115677,2014-03-08 14:49:00+01:00,14955630,14,3,8
632,51.212337,4.3577657,2014-03-08 19:05:00+01:00,343020,19,3,8
633,51.212337,4.3577657,2014-03-08 19:15:00+01:00,1062003,19,3,8
634,51.057003,3.714637,2014-03-08 19:47:00+01:00,48930574,19,3,8
635,51.053837,3.7184224,2014-03-09 09:30:00+01:00,255666,9,3,9
636,51.053955,3.7209287000000004,2014-03-09 09:40:00+01:00,1900994,9,3,9
637,51.053955,3.7209290999999998,2014-03-09 10:17:00+01:00,203009,10,3,9
638,51.053955,3.720929,2014-03-09 10:27:00+01:00,247903,10,3,9
639,51.05387,3.7183366,2014-03-09 10:37:00+01:00,601064,10,3,9
640,51.055415999999994,3.7151593999999997,2014-03-09 10:57:00+01:00,373333,10,3,9
641,51.05535,3.7143385,2014-03-09 11:10:00+01:00,2013368,11,3,9
642,51.056263,3.7145565,2014-03-09 11:49:00+01:00,8006164,11,3,9
643,51.057274,3.7249584000000002,2014-03-09 14:13:00+01:00,404003,14,3,9
644,51.0571,3.726063,2014-03-09 14:24:00+01:00,10895441,14,3,9
645,51.055217999999996,3.7219634,2014-03-09 17:35:00+01:00,167488,17,3,9
646,51.057056,3.7145045,2014-03-09 17:49:00+01:00,2030843,17,3,9
647,51.034416,3.7383232000000004,2014-03-09 18:43:00+01:00,96969,18,3,9
648,51.062346999999995,3.8686697,2014-03-09 18:51:00+01:00,630602,18,3,9
649,51.214264,4.4116144,2014-03-09 19:16:00+01:00,45485957,19,3,9
650,51.207122999999996,4.3870163,2014-03-10 08:09:00+01:00,11077711,8,3,10
651,51.206303000000005,4.387111,2014-03-10 11:23:00+01:00,211689,11,3,10
652,51.2071,4.386962400000001,2014-03-10 11:33:00+01:00,3388700,11,3,10
653,51.208304999999996,4.3898816,2014-03-10 12:34:00+01:00,182663,12,3,10
654,51.207954,4.3886595,2014-03-10 12:45:00+01:00,570321,12,3,10
655,51.207127,4.3870583,2014-03-10 13:02:00+01:00,17607604,13,3,10
656,51.211563,4.401777,2014-03-10 18:08:00+01:00,495121,18,3,10
657,51.21431,4.411553,2014-03-10 18:24:00+01:00,48272635,18,3,10
658,51.207157,4.3869753,2014-03-11 08:04:00+01:00,10527269,8,3,11
659,51.208453999999996,4.387382,2014-03-11 11:06:00+01:00,64969,11,3,11
660,51.2072,4.3869375999999995,2014-03-11 11:16:00+01:00,2785931,11,3,11
661,51.20715,4.3869214,2014-03-11 12:07:00+01:00,25211718,12,3,11
662,51.214256,4.4115777000000005,2014-03-11 19:25:00+01:00,42942371,19,3,11
663,51.207226,4.387041,2014-03-12 07:37:00+01:00,36593170,7,3,12
664,51.214268,4.4116197,2014-03-12 17:57:00+01:00,924860,17,3,12
665,51.557373,5.0910926,2014-03-12 21:45:00+01:00,1889676,21,3,12
666,51.400383000000005,4.7285247,2014-03-12 22:42:00+01:00,1272,22,3,12
667,51.317875,4.5757413,2014-03-12 22:49:00+01:00,39956,22,3,12
668,51.268485999999996,4.488132,2014-03-12 22:56:00+01:00,187280,22,3,12
669,51.214264,4.411574,2014-03-12 23:13:00+01:00,29263746,23,3,12
670,51.207209999999996,4.3870206,2014-03-13 07:36:00+01:00,10238801,7,3,13
671,51.2071,4.3871493,2014-03-13 10:33:00+01:00,4010448,10,3,13
672,51.20851,4.3925247,2014-03-13 11:47:00+01:00,4462429,11,3,13
673,51.209484,4.3900976,2014-03-13 13:06:00+01:00,60963,13,3,13
674,51.20711,4.3870629999999995,2014-03-13 13:14:00+01:00,31278306,13,3,13
675,51.214245,4.4115777000000005,2014-03-13 22:10:00+01:00,33471782,22,3,13
676,51.207085,4.387189,2014-03-14 07:49:00+01:00,37291359,7,3,14
677,51.206070000000004,4.3937610000000005,2014-03-14 18:19:00+01:00,250162,18,3,14
678,51.198574,4.436262999999999,2014-03-14 18:30:00+01:00,238457,18,3,14
679,51.19975,4.5876904000000005,2014-03-14 18:40:00+01:00,65219,18,3,14
680,51.10348,4.869653700000001,2014-03-14 19:01:00+01:00,193,19,3,14
681,51.023759999999996,4.840315,2014-03-14 19:14:00+01:00,90103,19,3,14
682,50.997234000000006,4.802332,2014-03-14 19:20:00+01:00,12648569,19,3,14
683,51.206466999999996,4.55807,2014-03-14 23:27:00+01:00,59834,23,3,14
684,51.215614,4.413671,2014-03-14 23:46:00+01:00,218,23,3,14
685,51.214252,4.411586799999999,2014-03-14 23:52:00+01:00,12508055,23,3,14
686,51.214259999999996,4.411596299999999,2014-03-15 03:28:00+01:00,46848335,3,3,15
687,51.216328000000004,4.4104295,2014-03-15 16:35:00+01:00,539024,16,3,15
688,51.214268,4.411565,2014-03-15 16:52:00+01:00,61154797,16,3,15
689,51.21353,4.404816,2014-03-16 09:59:00+01:00,489978,9,3,16
690,51.214259999999996,4.4115763,2014-03-16 10:17:00+01:00,8491341,10,3,16
691,51.205738000000004,4.3920345,2014-03-16 12:47:00+01:00,330485,12,3,16
692,51.262363,4.433858,2014-03-16 12:58:00+01:00,391095,12,3,16
693,51.30922,4.5572870000000005,2014-03-16 13:11:00+01:00,204502,13,3,16
694,51.586490000000005,4.778775700000001,2014-03-16 13:38:00+01:00,7812954,13,3,16
695,51.586678000000006,4.778821,2014-03-16 17:03:00+01:00,680173,17,3,16
696,51.560432,4.820035,2014-03-16 17:21:00+01:00,115358,17,3,16
697,51.461765,4.7245545,2014-03-16 17:28:00+01:00,185296,17,3,16
698,51.352573,4.6273565,2014-03-16 17:35:00+01:00,179612,17,3,16
699,51.29356,4.524383,2014-03-16 17:43:00+01:00,214246,17,3,16
700,51.204933000000004,4.3907986,2014-03-16 17:56:00+01:00,103701,17,3,16
701,51.214259999999996,4.4115763,2014-03-16 18:06:00+01:00,47602408,18,3,16
702,51.207085,4.387182,2014-03-17 07:38:00+01:00,12370874,7,3,17
703,51.208324,4.3873835,2014-03-17 11:10:00+01:00,485574,11,3,17
704,51.20702,4.3872375,2014-03-17 11:26:00+01:00,23392970,11,3,17
705,51.214256,4.4115996,2014-03-17 18:08:00+01:00,984410,18,3,17
706,51.215897,4.409161599999999,2014-03-17 18:32:00+01:00,3900114,18,3,17
707,51.214275,4.411576,2014-03-17 19:42:00+01:00,16107591,19,3,17
708,51.214275,4.411586,2014-03-18 00:17:00+01:00,22567284,0,3,18
709,51.211456,4.414267,2014-03-18 06:51:00+01:00,6397,6,3,18
710,51.21253,4.4159445999999996,2014-03-18 06:57:00+01:00,6294,6,3,18
711,51.21266,4.415011,2014-03-18 07:06:00+01:00,5079,7,3,18
712,51.214264,4.4115734,2014-03-18 07:16:00+01:00,2789598,7,3,18
713,51.207077000000005,4.3872066,2014-03-18 08:20:00+01:00,36426948,8,3,18
714,51.214256,4.4115663,2014-03-18 18:37:00+01:00,49736513,18,3,18
715,51.20706,4.3871145,2014-03-19 08:41:00+01:00,3272801,8,3,19
716,51.20707,4.3870754000000005,2014-03-19 09:44:00+01:00,35094801,9,3,19
717,51.214275,4.411575,2014-03-19 19:41:00+01:00,56964894,19,3,19
718,51.21693,4.4008650000000005,2014-03-20 11:45:00+01:00,1473,11,3,20
719,51.216840000000005,4.399968599999999,2014-03-20 11:52:00+01:00,2755024,11,3,20
720,51.21693,4.4010158,2014-03-20 12:44:00+01:00,397,12,3,20
721,51.20706,4.387065,2014-03-20 12:56:00+01:00,22037042,12,3,20
722,51.21427,4.4115567,2014-03-20 19:15:00+01:00,44881186,19,3,20
723,51.207115,4.387089,2014-03-21 08:07:00+01:00,32856811,8,3,21
724,51.1903,4.4120550000000005,2014-03-21 17:35:00+01:00,145797,17,3,21
725,51.21116,4.490031,2014-03-21 17:44:00+01:00,5995,17,3,21
726,51.156372,4.8206773,2014-03-21 17:57:00+01:00,178,17,3,21
727,50.984818,4.835319999999999,2014-03-21 18:30:00+01:00,2690374,18,3,21
728,50.984818,4.835271,2014-03-21 19:22:00+01:00,5550687,19,3,21
729,50.98715,4.838596,2014-03-21 20:59:00+01:00,3490,20,3,21
730,50.98661,4.837382,2014-03-21 21:06:00+01:00,157358,21,3,21
731,50.98718,4.838924400000001,2014-03-21 21:13:00+01:00,8856374,21,3,21
732,51.145073,4.8595767,2014-03-22 00:09:00+01:00,181048,0,3,22
733,51.216618,4.413580400000001,2014-03-22 00:33:00+01:00,286,0,3,22
734,51.21423,4.4115705,2014-03-22 00:39:00+01:00,53344915,0,3,22
735,51.21059,4.4141379999999995,2014-03-22 15:42:00+01:00,59558,15,3,22
736,51.211952000000004,4.41568,2014-03-22 15:55:00+01:00,58444,15,3,22
737,51.211052,4.412968599999999,2014-03-22 16:07:00+01:00,59370,16,3,22
738,51.214209999999994,4.411599,2014-03-22 16:19:00+01:00,3989547,16,3,22
739,51.21735,4.411098,2014-03-22 17:34:00+01:00,552169,17,3,22
740,51.214203000000005,4.411587,2014-03-22 17:51:00+01:00,1800663,17,3,22
741,51.244640000000004,4.4193125,2014-03-22 18:44:00+01:00,65927,18,3,22
742,51.244644,4.419118,2014-03-22 18:50:00+01:00,220964,18,3,22
743,51.24565,4.4167747,2014-03-22 19:00:00+01:00,2159892,19,3,22
744,51.246044,4.4168400000000005,2014-03-22 19:42:00+01:00,8403907,19,3,22
745,51.214209999999994,4.4115853,2014-03-22 22:20:00+01:00,44265668,22,3,22
746,51.213646000000004,4.4046072999999994,2014-03-23 10:45:00+01:00,384732,10,3,23
747,51.214188,4.4115252,2014-03-23 11:01:00+01:00,14724392,11,3,23
748,51.215990000000005,4.4128184,2014-03-23 15:11:00+01:00,771012,15,3,23
749,51.216457,4.407727700000001,2014-03-23 15:29:00+01:00,120185,15,3,23
750,51.217514,4.4039993,2014-03-23 15:35:00+01:00,1095,15,3,23
751,51.21772,4.4004607,2014-03-23 15:42:00+01:00,2770,15,3,23
752,51.219296,4.4014406,2014-03-23 15:49:00+01:00,5084486,15,3,23
753,51.217166999999996,4.4040475,2014-03-23 17:20:00+01:00,209382,17,3,23
754,51.21638,4.409415,2014-03-23 17:30:00+01:00,61786,17,3,23
755,51.21436,4.411226,2014-03-23 17:37:00+01:00,52019895,17,3,23
756,51.2098,4.395325700000001,2014-03-24 08:09:00+01:00,63412,8,3,24
757,51.20819,4.389298,2014-03-24 08:15:00+01:00,153150,8,3,24
758,51.20708,4.387111,2014-03-24 08:22:00+01:00,33148501,8,3,24
759,51.2069,4.3872433,2014-03-24 17:42:00+01:00,88675,17,3,24
760,51.206314,4.387118,2014-03-24 17:49:00+01:00,157,17,3,24
761,51.212265,4.393786,2014-03-24 17:56:00+01:00,3045,17,3,24
762,51.210888,4.4075365,2014-03-24 18:02:00+01:00,633,18,3,24
